nr;area name;belongs to;eligible voters;voters;invalid votes;valid votes;cdu;spd;linke;green;fdp;afd
1;Flensburg – Schleswig;1;228471;171914;1449;170465;58320;40388;14002;22304;18955;11653
2;Nordfriesland – Dithmarschen Nord;1;186568;139194;1123;138071;52928;31120;8589;15144;18050;9030
3;Steinburg – Dithmarschen Süd;1;176636;132017;1139;130878;47366;29756;8732;12960;17298;11180
4;Rendsburg-Eckernförde;1;200831;157354;1087;156267;56585;35766;9962;19337;19071;11578
5;Kiel;1;204650;153273;1204;152069;40736;36208;15546;26143;17804;10504
6;Plön – Neumünster;1;174937;131713;1199;130514;43778;31013;8503;16350;16481;11161
7;Pinneberg;1;238533;187715;1343;186372;63863;42729;13111;21336;24735;15977
8;Segeberg – Stormarn-Mitte;1;247296;193280;1335;191945;66367;43027;13237;21010;26043;17166
9;Ostholstein – Stormarn-Nord;1;181522;138439;1144;137295;48898;33764;8303;13493;18147;11782
10;Herzogtum Lauenburg – Stormarn-Süd;1;244930;193334;1363;191971;66031;42815;12480;20826;26163;18792
11;Lübeck;1;181638;130961;1167;129794;38263;32919;12213;16568;14097;11539
1;Schleswig-Holstein;99;2266012;1729194;13553;1715641;583135;399505;124678;205471;216844;140362
12;Schwerin – Ludwigslust-Parchim I – Nordwestmecklenburg I;13;216800;157071;1660;155411;51083;28947;25929;6606;9879;25692
13;Ludwigslust-Parchim II – Nordwestmecklenburg II – Landkreis Rostock I;13;205876;146768;1657;145111;48841;25029;24409;5521;9008;25688
14;Rostock – Landkreis Rostock II;13;222913;164016;1694;162322;49433;25650;33575;10229;10661;25171
15;Vorpommern-Rügen – Vorpommern-Greifswald I;13;240887;169528;2116;167412;55110;20405;30107;8498;11490;32881
16;Mecklenburgische Seenplatte I – Vorpommern-Greifswald II;13;226039;156965;2152;154813;51789;19064;27246;4068;8659;35595
17;Mecklenburgische Seenplatte II – Landkreis Rostock III;13;212099;144239;1798;142441;51007;20594;24102;4592;8198;27382
13;Mecklenburg-Vorpommern;99;1324614;938587;11077;927510;307263;139689;165368;39514;57895;172409
18;Hamburg-Mitte;2;243543;175731;1438;174293;40909;41551;26109;25164;16255;13940
19;Hamburg-Altona;2;185944;146090;864;145226;36139;29680;22766;26036;16306;8028
20;Hamburg-Eimsbüttel;2;192399;156013;810;155203;41826;34575;19290;26372;17463;9138
21;Hamburg-Nord;2;217226;178760;886;177874;55737;38150;16720;25584;24652;10963
22;Hamburg-Wandsbek;2;235513;172574;1273;171301;49482;45542;16847;17773;17621;16732
23;Hamburg-Bergedorf – Harburg;2;222031;155758;1537;154221;42219;40364;17344;15442;13313;17710
2;Hamburg;99;1296656;984926;6808;978118;266312;229862;119076;136371;105610;76511
24;Aurich – Emden;3;191541;142676;1605;141071;39552;53353;10142;10503;10079;12877
25;Unterems;3;235234;176342;1390;174952;74173;48194;9459;10258;13629;14620
26;Friesland – Wilhelmshaven – Wittmund;3;189344;139153;1557;137596;45098;42207;9738;9984;12958;12490
27;Oldenburg – Ammerland;3;226253;175967;1286;174681;53417;45514;16351;21821;18136;12625
28;Delmenhorst – Wesermarsch – Oldenburg-Land;3;227696;170194;1375;168819;56526;47622;11567;13525;17076;16392
29;Cuxhaven – Stade II;3;187679;141726;1007;140719;54163;38923;9121;9709;11483;12650
30;Stade I – Rotenburg II;3;197297;153044;849;152195;59229;37361;9564;12511;14538;13513
31;Mittelems;3;230151;179811;959;178852;88310;41983;8167;10803;16181;9701
32;Cloppenburg – Vechta;3;220042;163669;1153;162516;86301;28870;7145;8207;15298;13145
33;Diepholz – Nienburg I;3;193934;148298;1020;147278;55833;37505;8951;11992;15515;12434
34;Osterholz – Verden;3;196136;153036;1238;151798;53035;40047;11055;14052;13464;14675
35;Rotenburg I – Heidekreis;3;168101;127071;967;126104;47558;34211;7422;10068;10699;11671
36;Harburg;3;199081;161837;982;160855;57815;35377;10117;16410;18839;16047
37;Lüchow-Dannenberg – Lüneburg;3;180865;141000;861;140139;43861;32865;12705;18906;12959;12498
38;Osnabrück-Land;3;199131;151302;1107;150195;60737;38529;9156;12346;14603;10940
39;Stadt Osnabrück;3;196720;152107;938;151169;53977;37336;12759;18353;14309;9499
40;Nienburg II – Schaumburg;3;194800;146673;1019;145654;49896;43307;8289;11831;12430;14945
41;Stadt Hannover I;3;179883;134805;956;133849;36401;36645;12470;16292;13658;12226
42;Stadt Hannover II;3;193433;149031;940;148091;36203;37964;17823;22079;14735;11241
43;Hannover-Land I;3;232926;181650;1274;180376;62828;48783;10890;14335;18869;18366
44;Celle – Uelzen;3;214612;162145;1139;161006;58858;40899;9297;12478;16334;17554
45;Gifhorn – Peine;3;218556;168861;1288;167573;56567;50445;10166;12094;14004;18289
46;Hameln-Pyrmont – Holzminden;3;187377;139780;1107;138673;44424;44190;9130;9995;12531;14054
47;Hannover-Land II;3;239923;188495;1479;187016;58984;55161;12305;16290;17925;19392
48;Hildesheim;3;218349;169613;1316;168297;54871;52077;10932;14806;13876;15695
49;Salzgitter – Wolfenbüttel;3;206133;157046;1327;155719;45985;50482;11266;10213;12450;19115
50;Braunschweig;3;192041;147712;1055;146657;42534;38695;13673;17295;14684;12268
51;Helmstedt – Wolfsburg;3;183961;137303;1291;136012;47037;40740;9050;8064;10988;14862
52;Goslar – Northeim – Osterode;3;202963;150977;1187;149790;48131;48016;9521;9929;13734;15132
53;Göttingen;3;220420;170547;1223;169324;51177;47871;14748;19676;15421;13446
3;Niedersachsen;99;6124582;4681871;34895;4646976;1623481;1275172;322979;404825;431405;422362
54;Bremen I;4;252496;188064;1688;186376;48458;45729;26425;23568;19138;15539
55;Bremen II – Bremerhaven;4;221655;147855;1908;145947;34951;43215;18204;13165;11918;17705
4;Bremen;99;474151;335919;3596;332323;83409;88944;44629;36733;31056;33244
56;Prignitz – Ostprignitz-Ruppin – Havelland I;12;176002;120228;1820;118408;35215;24884;19447;4231;6555;22183
57;Uckermark – Barnim I;12;184716;129870;1857;128013;36160;21650;23870;5187;7021;26605
58;Oberhavel – Havelland II;12;243108;185012;2402;182610;51968;33856;26091;11684;13912;33987
59;Märkisch-Oderland – Barnim II;12;226424;170039;2343;167696;42113;25908;34632;7800;11007;34701
60;Brandenburg an der Havel – Potsdam-Mittelmark I – Havelland III – Teltow-Fläming I;12;183182;128058;1913;126145;35556;26055;20925;5238;8194;22633
61;Potsdam – Potsdam-Mittelmark II – Teltow-Fläming II;12;247441;195802;1933;193869;48015;35773;35106;19079;17768;26133
62;Dahme-Spreewald – Teltow-Fläming III – Oberspreewald-Lausitz I;12;248708;187607;2697;184910;49982;32565;29217;8617;13718;38915
63;Frankfurt (Oder) – Oder-Spree;12;194759;140051;2053;137998;33888;22702;26202;5896;9241;30477
64;Cottbus – Spree-Neiße;12;178676;132113;2085;130028;31366;19729;21456;4093;9941;34905
65;Elbe-Elster – Oberspreewald-Lausitz II;12;168543;123365;2211;121154;33576;18700;18775;3146;8128;30564
12;Brandenburg;99;2051559;1512145;21314;1490831;397839;261822;255721;74971;105485;301103
66;Altmark;15;165625;111193;1330;109863;36022;18721;20346;3648;7838;18419
67;Börde – Jerichower Land;15;220786;150499;2411;148088;47566;24053;24555;4236;11413;27905
68;Harz;15;215607;143567;2036;141531;47574;22915;25069;4968;9902;23860
69;Magdeburg;15;238060;162894;2117;160777;44616;27513;30056;8564;12713;26051
70;Dessau – Wittenberg;15;177005;123466;1722;121744;38751;17360;21102;4299;8940;24327
71;Anhalt;15;224401;147946;2407;145539;44620;20289;25887;3455;10848;32349
72;Halle;15;214668;152467;2173;150294;39833;21196;28892;10457;13533;26727
73;Burgenland – Saalekreis;15;191636;131219;2007;129212;38678;17098;21042;3366;10132;31781
74;Mansfeld;15;207103;140223;2291;137932;39751;19835;23909;3250;11236;32982
15;Sachsen-Anhalt;99;1854891;1263474;18494;1244980;377411;188980;220858;46243;96555;244401
75;Berlin-Mitte;11;206706;151412;1969;149443;27861;26788;32118;25708;12972;12289
76;Berlin-Pankow;11;237071;188499;1847;186652;36994;29185;43774;26651;12321;23315
77;Berlin-Reinickendorf;11;182398;137240;2135;135105;41912;27071;11516;12305;15376;18513
78;Berlin-Spandau – Charlottenburg Nord;11;184608;133009;2262;130747;36712;29733;12780;11063;12927;18481
79;Berlin-Steglitz-Zehlendorf;11;221210;180720;1763;178957;53281;34279;16352;25361;25461;15824
80;Berlin-Charlottenburg-Wilmersdorf;11;198672;158034;1387;156647;40085;30351;18367;24770;23280;12374
81;Berlin-Tempelhof-Schöneberg;11;235250;181159;2078;179081;44721;36179;23625;27956;18569;17108
82;Berlin-Neukölln;11;202618;143553;2140;141413;31592;27520;25752;18446;10891;15904
83;Berlin-Friedrichshain-Kreuzberg – Prenzlauer Berg Ost;11;223427;173289;1545;171744;23887;27391;49016;35077;10147;10863
84;Berlin-Treptow-Köpenick;11;205106;157111;1923;155188;31372;24109;39000;12168;10067;26278
85;Berlin-Marzahn-Hellersdorf;11;200704;138992;2053;136939;28620;19797;35698;5621;7290;29618
86;Berlin-Lichtenberg;11;205300;149116;1990;147126;27284;21850;43172;9821;7745;24603
11;Berlin;99;2503070;1892134;23092;1869042;424321;334253;351170;234947;167046;225170
87;Aachen I;5;179273;140624;823;139801;38827;34663;14459;17918;19795;8271
88;Aachen II;5;228248;173149;1542;171607;52656;60539;10105;8436;19213;14853
89;Heinsberg;5;190051;142330;1440;140890;55605;36421;7909;7281;16111;12313
90;Düren;5;199675;151595;1461;150134;52412;43816;8809;8198;17155;14432
91;Rhein-Erft-Kreis I;5;248982;191505;1637;189868;63664;50014;11392;12526;27398;18091
92;Euskirchen – Rhein-Erft-Kreis II;5;246753;187796;1600;186196;66503;43498;11403;12447;27410;18325
93;Köln I;5;192574;139718;1087;138631;36565;33666;15271;15800;18067;12290
94;Köln II;5;240985;197979;901;197078;56165;38485;21100;30630;33760;9964
95;Köln III;5;203647;150629;1104;149525;36500;36849;19118;20973;16850;11731
96;Bonn;5;227583;180439;1231;179208;53334;36119;17133;25197;28113;13136
97;Rhein-Sieg-Kreis I;5;237415;184295;1538;182757;62334;40922;13038;13757;27267;18237
98;Rhein-Sieg-Kreis II;5;216020;174513;1350;173163;61425;34583;11116;15192;30142;15226
99;Oberbergischer Kreis;5;208418;156593;1559;155034;56567;35078;9887;9995;21353;16413
100;Rheinisch-Bergischer Kreis;5;217425;174420;1891;172529;61423;36221;11042;15581;28787;13777
101;Leverkusen – Köln IV;5;212212;155139;1428;153711;43175;41671;14284;13472;18719;14970
102;Wuppertal I;5;208129;149950;1383;148567;39341;38696;16100;12754;18437;16431
103;Solingen – Remscheid – Wuppertal II;5;222845;164019;1550;162469;51318;40743;12689;11726;22947;16221
104;Mettmann I;5;205244;160315;1150;159165;54126;36596;10216;11796;25757;15053
105;Mettmann II;5;163229;125496;1056;124440;40601;30492;8458;8599;19691;11926
106;Düsseldorf I;5;220764;172947;1037;171910;55052;33493;14675;17148;33940;12029
107;Düsseldorf II;5;193175;143599;1053;142546;40606;33218;14111;14379;21277;12968
108;Neuss I;5;214779;160050;1275;158775;56983;37438;9895;9583;23585;14887
109;Mönchengladbach;5;190552;132006;1170;130836;46786;30547;9627;8169;17946;12373
110;Krefeld I – Neuss II;5;201450;155434;1244;154190;54907;34051;9805;10871;26859;12104
111;Viersen;5;227423;173280;1262;172018;65475;38368;10342;11591;27576;12841
112;Kleve;5;226096;169057;1399;167658;69700;39316;9366;10098;22687;11621
113;Wesel I;5;207178;160344;1246;159098;53623;45627;10637;9743;19709;14325
114;Krefeld II – Wesel II;5;179118;133705;1175;132530;40955;36714;10090;9307;18032;12186
115;Duisburg I;5;167998;121638;2022;119616;30746;37925;10369;7844;12491;13549
116;Duisburg II;5;160204;103704;1912;101792;22830;34695;8546;4493;8369;15794
117;Oberhausen – Wesel III;5;204816;150312;1451;148861;39085;49165;12373;8228;14890;18560
118;Mülheim – Essen I;5;187746;142858;1207;141651;39847;41731;10546;9465;18337;16200
119;Essen II;5;163326;110369;1154;109215;25606;34727;9524;6746;10583;16339
120;Essen III;5;192918;153336;927;152409;45826;37699;12574;14312;23068;12735
121;Recklinghausen I;5;169267;123958;1074;122884;35108;38822;8970;7132;12674;14777
122;Recklinghausen II;5;189376;140795;1285;139510;41079;44224;9201;7189;14759;17387
123;Gelsenkirchen;5;175210;119414;1348;118066;26452;39524;8703;5489;10834;20113
124;Steinfurt I – Borken I;5;202192;154606;1028;153578;67425;35466;8433;9142;19339;9719
125;Bottrop – Recklinghausen III;5;202793;151842;1328;150514;44967;47013;10292;7248;15741;18710
126;Borken II;5;199978;158146;1090;157056;73881;33697;6540;9220;20609;9405
127;Coesfeld – Steinfurt II;5;192946;156813;987;155826;68636;32787;8394;11667;21116;9496
128;Steinfurt III;5;195571;152541;1158;151383;57215;41815;9692;11026;17205;10342
129;Münster;5;232294;191090;964;190126;62276;39714;19287;27739;25684;9393
130;Warendorf;5;209604;163531;1387;162144;65357;38992;8997;10815;21175;12025
131;Gütersloh I;5;234272;176708;1681;175027;67175;40104;10595;13817;22848;15081
132;Bielefeld – Gütersloh II;5;246216;186152;1536;184616;50995;46883;20522;20567;21364;16514
133;Herford – Minden-Lübbecke II;5;228976;168664;1617;167047;52994;47940;11589;11485;19186;18098
134;Minden-Lübbecke I;5;204203;151181;1508;149673;49160;43966;9432;9625;16865;15829
135;Lippe I;5;170501;128938;1401;127537;40214;35509;8399;8869;15916;14147
136;Höxter – Lippe II;5;211026;159883;1692;158191;58939;39038;10188;10194;19543;15197
137;Paderborn – Gütersloh III;5;249359;187479;1582;185897;75628;35055;12292;13612;24976;18484
138;Hagen – Ennepe-Ruhr-Kreis I;5;207384;150044;1250;148794;42972;43548;10743;8673;18722;17622
139;Ennepe-Ruhr-Kreis II;5;178506;137632;1208;136424;37284;40767;11092;11142;17270;13190
140;Bochum I;5;206460;156941;1237;155704;39580;46243;15953;13862;17449;15190
141;Herne – Bochum II;5;179247;127974;1484;126490;29629;43312;10860;7414;11560;17001
142;Dortmund I;5;211316;156097;1174;154923;37967;46424;15506;14702;17193;15197
143;Dortmund II;5;203300;143834;1418;142416;34822;46513;12924;10190;15403;15510
144;Unna I;5;197873;150831;1251;149580;40697;50205;10313;10254;17196;14689
145;Hamm – Unna II;5;235213;171524;1789;169735;51475;53467;11837;8938;17678;19068
146;Soest;5;232301;174364;1290;173074;62764;43184;11702;10723;23296;16165
147;Hochsauerlandkreis;5;202768;154014;1200;152814;63651;34865;8183;7198;21919;12216
148;Siegen-Wittgenstein;5;212912;162306;1347;160959;54648;42551;12624;8857;19125;17154
149;Olpe – Märkischer Kreis I;5;206716;152542;1253;151289;61394;35269;8205;6866;20758;13847
150;Märkischer Kreis II;5;200546;145474;1252;144222;49061;37193;9427;7060;19328;16688
5;Nordrhein-Westfalen;99;13174577;9938461;85084;9853377;3214013;2557876;736904;744970;1293052;928425
151;Nordsachsen;14;163916;118170;1607;116563;34321;14519;17173;3021;9189;31301
152;Leipzig I;14;220654;161407;1477;159930;37622;20674;31137;11300;13565;33291
153;Leipzig II;14;227718;175198;1414;173784;38111;22725;39058;18154;14866;27774
154;Leipzig-Land;14;215616;161321;1930;159391;47944;18139;23368;5157;12859;42823
155;Meißen;14;201310;152988;2075;150913;39406;13148;20111;5531;13156;49615
156;Bautzen I;14;213990;161319;2477;158842;42995;14378;22597;3768;12122;52041
157;Görlitz;14;213021;156089;2369;153720;41000;14249;21534;4476;10810;50551
158;Sächsische Schweiz-Osterzgebirge;14;202580;156342;1967;154375;39581;12040;19708;4643;12795;54749
159;Dresden I;14;232636;182849;1731;181118;44104;19246;31004;13936;18610;41812
160;Dresden II – Bautzen II;14;235464;186818;1654;185164;42792;17977;32040;16588;17684;43126
161;Mittelsachsen;14;201629;150648;1759;148889;41189;14487;21582;4112;11767;46522
162;Chemnitz;14;195929;147218;1347;145871;36270;17373;28010;6818;12184;35456
163;Chemnitzer Umland – Erzgebirgskreis II;14;183483;138891;1708;137183;41947;14524;20972;3850;10542;36746
164;Erzgebirgskreis I;14;220917;166701;2730;163971;50759;15452;23090;3661;12106;47952
165;Zwickau;14;207606;150950;2121;148829;45106;16131;24665;4327;11253;38964
166;Vogtlandkreis;14;193081;142775;1914;140861;42604;16043;22578;4266;10154;37217
14;Sachsen;99;3329550;2509684;30280;2479404;665751;261105;398627;113608;203662;669940
167;Waldeck;6;186825;142852;2119;140733;42232;43446;9891;9660;13918;16411
168;Kassel;6;222451;167855;2452;165403;41736;46769;18677;18935;15046;17288
169;Werra-Meißner – Hersfeld-Rotenburg;6;175992;133726;2659;131067;38531;42737;8746;7843;11096;17173
170;Schwalm-Eder;6;188074;145743;2691;143052;41795;44847;9270;9436;13118;18504
171;Marburg;6;183296;142365;1579;140786;42377;37202;14420;13088;12191;16125
172;Lahn-Dill;6;208744;155002;2201;152801;51125;37794;10210;10768;14821;20931
173;Gießen;6;217806;166621;2308;164313;49518;39252;13798;15898;16926;20358
174;Fulda;6;209966;161981;3299;158682;61811;28745;9266;10593;17122;25145
175;Main-Kinzig – Wetterau II – Schotten;6;179307;138193;2167;136026;43147;32069;8938;9614;14144;20927
176;Hochtaunus;6;181516;146315;1706;144609;48436;28947;9562;14074;21713;16132
177;Wetterau I;6;176435;138853;1633;137220;43951;31152;9249;13002;17462;15895
178;Rheingau-Taunus – Limburg;6;220342;173627;2002;171625;59346;35604;11069;15273;22650;20399
179;Wiesbaden;6;189372;139775;1546;138229;40022;29247;13160;16286;18400;15496
180;Hanau;6;177469;134190;1867;132323;39126;31150;10006;11345;15185;18626
181;Main-Taunus;6;197291;160647;1788;158859;54902;28786;9504;16752;26571;16395
182;Frankfurt am Main I;6;199775;144841;1614;143227;37221;29743;17179;19475;19989;13342
183;Frankfurt am Main II;6;223942;172393;1620;170773;45731;33511;20059;26415;24336;13737
184;Groß-Gerau;6;174727;133318;2138;131180;39950;33318;10755;11862;12645;15943
185;Offenbach;6;220194;163580;2286;161294;49302;34519;14261;16421;20372;19050
186;Darmstadt;6;242622;192508;2133;190375;52218;42638;19508;27317;20893;18654
187;Odenwald;6;234422;184974;2745;182229;59635;42516;13433;16084;19948;22258
188;Bergstraße;6;198418;156082;1988;154094;51088;34435;10197;13595;18196;19923
6;Hessen;99;4408986;3395441;46541;3348900;1033200;788427;271158;323736;386742;398712
189;Eichsfeld – Nordhausen – Kyffhäuserkreis;16;216673;158339;2410;155929;52667;21652;22613;4778;11974;32854
190;Eisenach – Wartburgkreis – Unstrut-Hainich-Kreis;16;222558;163154;2268;160886;48340;23206;25171;5596;11545;35824
191;Jena – Sömmerda – Weimarer Land I;16;203210;155210;1854;153356;42092;19150;28312;9497;13310;30426
192;Gotha – Ilm-Kreis;16;198341;148065;2187;145878;40576;20391;22920;5411;11218;35091
193;Erfurt – Weimar – Weimarer Land II;16;221922;168235;2077;166158;42168;23535;32239;12666;14260;30166
194;Gera – Greiz – Altenburger Land;16;240738;176933;2541;174392;47690;19845;30402;4709;14315;47275
195;Saalfeld-Rudolstadt – Saale-Holzland-Kreis – Saale-Orla-Kreis;16;229126;171879;2128;169751;47769;20427;28088;5124;13209;43740
196;Suhl – Schmalkalden-Meiningen – Hildburghausen – Sonneberg;16;234446;170237;2139;168098;50956;22826;28467;5559;11298;38693
16;Thüringen;99;1767014;1312052;17604;1294448;372258;171032;218212;53340;101129;294069
197;Neuwied;7;239284;181607;2547;179060;68357;45447;11338;10738;18071;19273
198;Ahrweiler;7;195618;151587;1598;149989;60937;34113;8519;10059;17397;14437
199;Koblenz;7;196999;151153;1524;149629;56616;35679;10332;11862;16152;13701
200;Mosel/Rhein-Hunsrück;7;172876;135519;1815;133704;55606;30799;8143;7487;14924;11996
201;Kreuznach;7;185172;139908;1697;138211;47189;37906;9493;8629;13654;16198
202;Bitburg;7;164480;126879;1831;125048;55591;27255;7433;7710;12888;10058
203;Trier;7;192846;151551;1670;149881;55882;36950;12934;13512;13841;11926
204;Montabaur;7;210114;163520;1761;161759;60594;39906;9576;10058;17703;17826
205;Mainz;7;248996;202534;1655;200879;65713;44203;17148;26415;22608;16535
206;Worms;7;213627;169793;2128;167665;54721;42471;10811;13449;17543;21978
207;Ludwigshafen/Frankenthal;7;215595;161867;2410;159457;49226;39822;10614;11621;16321;24641
208;Neustadt – Speyer;7;220550;176425;2088;174337;61407;37894;10537;15389;19251;22070
209;Kaiserslautern;7;229114;172316;2552;169764;49400;47986;13548;11360;15519;23206
210;Pirmasens;7;177687;135065;2349;132716;47455;32794;9511;6156;11803;18652
211;Südpfalz;7;217633;172369;1962;170407;59309;37293;10975;14788;17560;23191
7;Rheinland-Pfalz;99;3080591;2392093;29587;2362506;848003;570518;160912;179233;245235;265688
212;Altötting;9;168221;126786;876;125910;55417;15511;6659;8608;11209;18330
213;Erding – Ebersberg;9;198198;163357;755;162602;63525;19943;8352;17768;19407;19366
214;Freising;9;235746;186647;1015;185632;73650;23029;9506;18036;19308;25178
215;Fürstenfeldbruck;9;232125;190769;922;189847;75621;25929;9633;20886;22005;21934
216;Ingolstadt;9;238605;184059;1214;182845;76236;24424;9830;13205;17154;27673
217;München-Nord;9;226436;174196;668;173528;49953;28903;14302;29334;26241;14982
218;München-Ost;9;239169;186913;745;186168;58483;29744;14124;29866;27459;15959
219;München-Süd;9;216725;170483;659;169824;50686;27500;14694;29560;22587;14578
220;München-West/Mitte;9;241282;193399;778;192621;57322;30617;16638;35605;26356;14895
221;München-Land;9;235172;197265;900;196365;73189;27490;9996;24837;30054;18470
222;Rosenheim;9;235170;186492;1035;185457;75178;20967;9449;18571;20311;25697
223;Bad Tölz-Wolfratshausen – Miesbach;9;165527;132612;795;131817;54786;14457;6486;13605;16343;15391
224;Starnberg – Landsberg am Lech;9;213628;177013;747;176266;67512;22332;9594;23111;24950;17460
225;Traunstein;9;208466;160615;1046;159569;71196;18916;8508;14680;14614;19191
226;Weilheim;9;167159;134333;766;133567;57254;15402;7214;12753;13909;16145
227;Deggendorf;9;166659;119455;701;118754;48182;16915;5892;5528;8968;22765
228;Landshut;9;249836;192966;1266;191700;75521;25095;9270;13856;19361;28061
229;Passau;9;177387;131350;779;130571;52937;19709;7357;8393;11918;20967
230;Rottal-Inn;9;168642;124299;794;123505;52752;15765;5510;6478;11215;20401
231;Straubing;9;173953;129424;1215;128209;53712;17512;5590;5846;10308;23576
232;Amberg;9;215876;169507;1302;168205;71720;26080;8948;11997;12854;21550
233;Regensburg;9;252916;198780;1119;197661;74720;28582;13259;20332;17719;25625
234;Schwandorf;9;216418;162549;1268;161281;66827;26122;7339;7302;10608;28006
235;Weiden;9;168415;130514;1172;129342;55691;24631;6204;6426;8479;17411
236;Bamberg;9;182513;145222;801;144421;56138;22529;9351;14279;13776;18392
237;Bayreuth;9;163934;127222;693;126529;53063;23198;7022;9994;11369;13566
238;Coburg;9;159654;123200;1021;122179;48410;27553;6895;8155;9967;14208
239;Hof;9;167552;126918;1126;125792;48772;27775;7185;6989;9890;16605
240;Kulmbach;9;170897;135072;1160;133912;58112;23675;6431;7966;10335;17997
241;Ansbach;9;243760;185955;1537;184418;74425;31464;12208;16239;13825;21734
242;Erlangen;9;180730;148048;676;147372;52414;25578;11115;19862;14973;13953
243;Fürth;9;255491;198742;1398;197344;69472;37089;15442;20540;17545;23033
244;Nürnberg-Nord;9;192214;146205;902;145303;40106;26456;16962;21909;15412;14503
245;Nürnberg-Süd;9;181809;132085;1107;130978;40882;27467;11640;12166;11199;18679
246;Roth;9;227560;185895;1341;184554;69743;34040;11635;18033;15990;21317
247;Aschaffenburg;9;183362;144938;1508;143430;55009;25198;8699;13432;15610;16642
248;Bad Kissingen;9;216030;171202;1300;169902;75788;26904;10085;11359;15084;19650
249;Main-Spessart;9;196183;157206;1238;155968;65245;28903;8562;11939;13720;16856
250;Schweinfurt;9;199041;156159;1218;154941;63674;26163;10422;11717;13789;18905
251;Würzburg;9;225998;182961;1054;181907;67585;32126;12931;23719;18813;15764
252;Augsburg-Stadt;9;210528;153228;1174;152054;48420;24112;13649;18782;15149;21015
253;Augsburg-Land;9;248812;199077;1231;197846;81831;25240;9737;17447;20565;27045
254;Donau-Ries;9;190782;147825;1000;146825;63638;20289;6687;10102;13440;21585
255;Neu-Ulm;9;239647;182045;1270;180775;72104;24828;9274;14898;18627;27327
256;Oberallgäu;9;226604;176437;1092;175345;72855;21725;10130;19792;18935;18529
257;Ostallgäu;9;247539;191581;1412;190169;79932;23044;10387;16214;19898;25384
9;Bayern;99;9522371;7441006;47796;7393210;2869688;1130931;450803;722116;751248;916300
258;Stuttgart I;8;194368;160834;849;159985;46243;23350;14830;31283;26203;11455
259;Stuttgart II;8;182501;139180;1153;138027;40109;23458;12553;21071;19210;14899
260;Böblingen;8;245678;196557;1657;194900;68991;30296;10434;24746;29510;22874
261;Esslingen;8;168715;135479;1094;134385;44748;22579;8361;19565;18512;14692
262;Nürtingen;8;207044;168052;1443;166609;56105;25190;9132;23673;24922;20544
263;Göppingen;8;178409;137585;1637;135948;45290;23924;6882;16749;17188;19956
264;Waiblingen;8;222891;178340;1447;176893;58372;28146;9881;21539;28617;22870
265;Ludwigsburg;8;218074;175304;1317;173987;58003;28547;10451;24000;25538;19780
266;Neckar-Zaber;8;229280;186362;1525;184837;60898;30472;9719;24282;27145;24212
267;Heilbronn;8;242553;185705;2419;183286;58755;32489;10520;19016;23872;30089
268;Schwäbisch Hall – Hohenlohe;8;225785;171760;1965;169795;58215;27472;9594;20512;21629;24827
269;Backnang – Schwäbisch Gmünd;8;176968;136717;1406;135311;47588;22298;7999;15482;16717;19438
270;Aalen – Heidenheim;8;221853;170191;1975;168216;64217;31341;9233;18427;17707;20616
271;Karlsruhe-Stadt;8;208868;162139;1228;160911;44776;27044;15452;29408;19251;16741
272;Karlsruhe-Land;8;209741;168801;1675;167126;59137;28591;9119;20489;21441;20887
273;Rastatt;8;206484;157208;1960;155248;58798;26374;8369;17766;17847;19701
274;Heidelberg;8;217934;179138;1306;177832;53138;32806;14812;30491;22556;16850
275;Mannheim;8;197289;144078;1355;142723;38746;30309;12989;18803;16050;18309
276;Odenwald – Tauber;8;210876;163339;2114;161225;64208;27175;8907;13642;17564;22289
277;Rhein-Neckar;8;198251;156402;1748;154654;51797;28486;9738;17687;18933;20942
278;Bruchsal – Schwetzingen;8;196426;154622;1932;152690;53147;26560;8674;15500;18180;22794
279;Pforzheim;8;219577;167977;1897;166080;54364;27101;8952;17869;22643;27107
280;Calw;8;198021;153463;1858;151605;56330;21832;7759;14989;21646;22715
281;Freiburg;8;222308;180854;1319;179535;50423;31452;20168;38002;16725;14103
282;Lörrach – Müllheim;8;232208;177399;1695;175704;60513;31249;10898;27014;19449;18459
283;Emmendingen – Lahr;8;218287;168468;2024;166444;59784;29738;9588;22806;17626;19139
284;Offenburg;8;205551;155724;2075;153649;57033;25406;8411;21220;16940;17800
285;Rottweil – Tuttlingen;8;199227;152001;1951;150050;57060;21900;7141;15329;20328;20942
286;Schwarzwald-Baar;8;165041;125344;1615;123729;46812;19337;6608;15113;15124;15350
287;Konstanz;8;205135;158861;1478;157383;52194;24529;11306;25202;20758;16215
288;Waldshut;8;177806;136595;1466;135129;53066;22122;7369;18842;14647;13299
289;Reutlingen;8;199934;157642;1583;156059;53873;23321;9543;21695;21425;20171
290;Tübingen;8;196488;159801;1391;158410;48828;24865;15096;28521;18718;15887
291;Ulm;8;222673;177460;1597;175863;64988;27889;9976;24160;20277;20432
292;Biberach;8;167025;131693;1418;130275;56162;16557;5997;14729;14321;16236
293;Bodensee;8;172782;137146;1195;135951;50428;19321;8316;20015;17954;14164
294;Ravensburg;8;186958;146174;1387;144787;56264;19398;8889;21770;16441;14901
295;Zollernalb – Sigmaringen;8;183588;139548;1821;137727;52284;19446;7061;15798;18394;18814
8;Baden-Württemberg;99;7732597;6053943;60975;5992968;2061687;982370;380727;807205;762008;730499
296;Saarbrücken;10;199885;147602;2172;145430;41394;38322;21669;11748;11753;14042
297;Saarlouis;10;207501;160430;2825;157605;52981;42476;20320;8598;12059;15506
298;St. Wendel;10;177468;141387;2689;138698;50660;38368;15686;6662;9569;12627
299;Homburg;10;192410;145992;2467;143525;44538;39729;17773;8109;11096;16745
10;Saarland;99;777264;595411;10153;585258;189573;158895;75448;35117;44477;58920
99;Bundesgebiet;;61688485;46976341;460849;46515492;15317344;9539381;4297270;4158400;4999449;5878115
